"","ID","two_clusters"
"ENSG00000288582","ENSG00000288582",1
"ENSG00000288563","ENSG00000288563",1
"ENSG00000288393","ENSG00000288393",1
"ENSG00000288235","ENSG00000288235",1
"ENSG00000288043","ENSG00000288043",1
"ENSG00000288011","ENSG00000288011",1
"ENSG00000288009","ENSG00000288009",1
"ENSG00000287988","ENSG00000287988",1
"ENSG00000287937","ENSG00000287937",1
"ENSG00000287926","ENSG00000287926",1
"ENSG00000287920","ENSG00000287920",1
"ENSG00000287913","ENSG00000287913",1
"ENSG00000287863","ENSG00000287863",1
"ENSG00000287789","ENSG00000287789",1
"ENSG00000287779","ENSG00000287779",1
"ENSG00000287771","ENSG00000287771",1
"ENSG00000287767","ENSG00000287767",1
"ENSG00000287736","ENSG00000287736",1
"ENSG00000287676","ENSG00000287676",1
"ENSG00000287656","ENSG00000287656",1
"ENSG00000287631","ENSG00000287631",1
"ENSG00000287630","ENSG00000287630",1
"ENSG00000287613","ENSG00000287613",1
"ENSG00000287537","ENSG00000287537",1
"ENSG00000287515","ENSG00000287515",1
"ENSG00000287458","ENSG00000287458",1
"ENSG00000287382","ENSG00000287382",1
"ENSG00000287355","ENSG00000287355",1
"ENSG00000287328","ENSG00000287328",1
"ENSG00000287255","ENSG00000287255",1
"ENSG00000287237","ENSG00000287237",1
"ENSG00000287216","ENSG00000287216",1
"ENSG00000287213","ENSG00000287213",1
"ENSG00000287201","ENSG00000287201",1
"ENSG00000287200","ENSG00000287200",1
"ENSG00000287109","ENSG00000287109",1
"ENSG00000287095","ENSG00000287095",1
"ENSG00000287037","ENSG00000287037",1
"ENSG00000286982","ENSG00000286982",1
"ENSG00000286813","ENSG00000286813",1
"ENSG00000286811","ENSG00000286811",1
"ENSG00000286771","ENSG00000286771",1
"ENSG00000286638","ENSG00000286638",1
"ENSG00000286618","ENSG00000286618",1
"ENSG00000286614","ENSG00000286614",1
"ENSG00000286587","ENSG00000286587",1
"ENSG00000286556","ENSG00000286556",1
"ENSG00000286536","ENSG00000286536",1
"ENSG00000286533","ENSG00000286533",1
"ENSG00000286520","ENSG00000286520",1
"ENSG00000286507","ENSG00000286507",1
"ENSG00000286365","ENSG00000286365",1
"ENSG00000286357","ENSG00000286357",1
"ENSG00000286288","ENSG00000286288",1
"ENSG00000286281","ENSG00000286281",1
"ENSG00000286256","ENSG00000286256",1
"ENSG00000286255","ENSG00000286255",1
"ENSG00000286236","ENSG00000286236",1
"ENSG00000286226","ENSG00000286226",1
"ENSG00000286076","ENSG00000286076",1
"ENSG00000286044","ENSG00000286044",1
"ENSG00000286003","ENSG00000286003",1
"ENSG00000285999","ENSG00000285999",1
"ENSG00000285972","ENSG00000285972",1
"ENSG00000285938","ENSG00000285938",1
"ENSG00000285888","ENSG00000285888",1
"ENSG00000285666","ENSG00000285666",1
"ENSG00000285639","ENSG00000285639",1
"ENSG00000285616","ENSG00000285616",1
"ENSG00000285588","ENSG00000285588",1
"ENSG00000285540","ENSG00000285540",1
"ENSG00000285534","ENSG00000285534",1
"ENSG00000285492","ENSG00000285492",1
"ENSG00000285446","ENSG00000285446",1
"ENSG00000285441","ENSG00000285441",1
"ENSG00000285280","ENSG00000285280",1
"ENSG00000285231","ENSG00000285231",1
"ENSG00000285210","ENSG00000285210",1
"ENSG00000285171","ENSG00000285171",1
"ENSG00000285133","ENSG00000285133",1
"ENSG00000284956","ENSG00000284956",1
"ENSG00000284948","ENSG00000284948",1
"ENSG00000284930","ENSG00000284930",1
"ENSG00000284858","ENSG00000284858",1
"ENSG00000284779","ENSG00000284779",1
"ENSG00000284709","ENSG00000284709",1
"ENSG00000284695","ENSG00000284695",1
"ENSG00000284686","ENSG00000284686",1
"ENSG00000284669","ENSG00000284669",1
"ENSG00000284567","ENSG00000284567",1
"ENSG00000284453","ENSG00000284453",1
"ENSG00000284393","ENSG00000284393",1
"ENSG00000284387","ENSG00000284387",1
"ENSG00000284190","ENSG00000284190",1
"ENSG00000283994","ENSG00000283994",1
"ENSG00000283839","ENSG00000283839",1
"ENSG00000283818","ENSG00000283818",1
"ENSG00000283798","ENSG00000283798",1
"ENSG00000283766","ENSG00000283766",1
"ENSG00000283710","ENSG00000283710",1
"ENSG00000283683","ENSG00000283683",1
"ENSG00000283653","ENSG00000283653",1
"ENSG00000283646","ENSG00000283646",1
"ENSG00000283602","ENSG00000283602",1
"ENSG00000283573","ENSG00000283573",1
"ENSG00000283525","ENSG00000283525",1
"ENSG00000283509","ENSG00000283509",1
"ENSG00000283408","ENSG00000283408",1
"ENSG00000283384","ENSG00000283384",1
"ENSG00000283286","ENSG00000283286",1
"ENSG00000283215","ENSG00000283215",1
"ENSG00000283118","ENSG00000283118",1
"ENSG00000283061","ENSG00000283061",1
"ENSG00000283044","ENSG00000283044",1
"ENSG00000283001","ENSG00000283001",1
"ENSG00000282572","ENSG00000282572",1
"ENSG00000282535","ENSG00000282535",1
"ENSG00000281772","ENSG00000281772",1
"ENSG00000281469","ENSG00000281469",1
"ENSG00000281453","ENSG00000281453",1
"ENSG00000281162","ENSG00000281162",1
"ENSG00000280392","ENSG00000280392",1
"ENSG00000280385","ENSG00000280385",1
"ENSG00000280348","ENSG00000280348",1
"ENSG00000280228","ENSG00000280228",1
"ENSG00000280219","ENSG00000280219",1
"ENSG00000280183","ENSG00000280183",1
"ENSG00000280091","ENSG00000280091",1
"ENSG00000280055","ENSG00000280055",1
"ENSG00000280027","ENSG00000280027",1
"ENSG00000279996","ENSG00000279996",1
"ENSG00000279955","ENSG00000279955",1
"ENSG00000279951","ENSG00000279951",1
"ENSG00000279884","ENSG00000279884",1
"ENSG00000279838","ENSG00000279838",1
"ENSG00000279821","ENSG00000279821",1
"ENSG00000279737","ENSG00000279737",1
"ENSG00000279719","ENSG00000279719",1
"ENSG00000279707","ENSG00000279707",1
"ENSG00000279702","ENSG00000279702",1
"ENSG00000279699","ENSG00000279699",1
"ENSG00000279648","ENSG00000279648",1
"ENSG00000279633","ENSG00000279633",1
"ENSG00000279527","ENSG00000279527",1
"ENSG00000279518","ENSG00000279518",1
"ENSG00000279511","ENSG00000279511",1
"ENSG00000279500","ENSG00000279500",1
"ENSG00000279469","ENSG00000279469",1
"ENSG00000279447","ENSG00000279447",1
"ENSG00000279433","ENSG00000279433",1
"ENSG00000279405","ENSG00000279405",1
"ENSG00000279391","ENSG00000279391",1
"ENSG00000279366","ENSG00000279366",1
"ENSG00000279349","ENSG00000279349",1
"ENSG00000279320","ENSG00000279320",1
"ENSG00000279319","ENSG00000279319",1
"ENSG00000279311","ENSG00000279311",1
"ENSG00000279276","ENSG00000279276",1
"ENSG00000279266","ENSG00000279266",1
"ENSG00000279265","ENSG00000279265",1
"ENSG00000279227","ENSG00000279227",1
"ENSG00000279214","ENSG00000279214",1
"ENSG00000279166","ENSG00000279166",1
"ENSG00000279164","ENSG00000279164",1
"ENSG00000278869","ENSG00000278869",1
"ENSG00000278829","ENSG00000278829",1
"ENSG00000278791","ENSG00000278791",1
"ENSG00000278745","ENSG00000278745",1
"ENSG00000278607","ENSG00000278607",1
"ENSG00000278484","ENSG00000278484",1
"ENSG00000278475","ENSG00000278475",1
"ENSG00000278472","ENSG00000278472",1
"ENSG00000278412","ENSG00000278412",1
"ENSG00000278275","ENSG00000278275",1
"ENSG00000278231","ENSG00000278231",1
"ENSG00000278215","ENSG00000278215",1
"ENSG00000278195","ENSG00000278195",1
"ENSG00000278057","ENSG00000278057",1
"ENSG00000277913","ENSG00000277913",1
"ENSG00000277911","ENSG00000277911",1
"ENSG00000277883","ENSG00000277883",1
"ENSG00000277866","ENSG00000277866",1
"ENSG00000277632","ENSG00000277632",1
"ENSG00000277493","ENSG00000277493",1
"ENSG00000277452","ENSG00000277452",1
"ENSG00000277349","ENSG00000277349",1
"ENSG00000277246","ENSG00000277246",1
"ENSG00000277130","ENSG00000277130",1
"ENSG00000277103","ENSG00000277103",1
"ENSG00000277089","ENSG00000277089",1
"ENSG00000277066","ENSG00000277066",1
"ENSG00000277009","ENSG00000277009",1
"ENSG00000277008","ENSG00000277008",1
"ENSG00000277007","ENSG00000277007",1
"ENSG00000276980","ENSG00000276980",1
"ENSG00000276961","ENSG00000276961",1
"ENSG00000276900","ENSG00000276900",1
"ENSG00000276742","ENSG00000276742",1
"ENSG00000276649","ENSG00000276649",1
"ENSG00000276593","ENSG00000276593",1
"ENSG00000276578","ENSG00000276578",1
"ENSG00000276486","ENSG00000276486",1
"ENSG00000276471","ENSG00000276471",1
"ENSG00000276445","ENSG00000276445",1
"ENSG00000276085","ENSG00000276085",1
"ENSG00000276070","ENSG00000276070",1
"ENSG00000276058","ENSG00000276058",1
"ENSG00000275823","ENSG00000275823",1
"ENSG00000275562","ENSG00000275562",1
"ENSG00000275339","ENSG00000275339",1
"ENSG00000275302","ENSG00000275302",1
"ENSG00000275210","ENSG00000275210",1
"ENSG00000275146","ENSG00000275146",1
"ENSG00000275011","ENSG00000275011",1
"ENSG00000274987","ENSG00000274987",1
"ENSG00000274963","ENSG00000274963",1
"ENSG00000274962","ENSG00000274962",1
"ENSG00000274943","ENSG00000274943",1
"ENSG00000274878","ENSG00000274878",1
"ENSG00000274845","ENSG00000274845",1
"ENSG00000274767","ENSG00000274767",1
"ENSG00000274549","ENSG00000274549",1
"ENSG00000274536","ENSG00000274536",1
"ENSG00000274503","ENSG00000274503",1
"ENSG00000274256","ENSG00000274256",1
"ENSG00000274252","ENSG00000274252",1
"ENSG00000274235","ENSG00000274235",1
"ENSG00000274213","ENSG00000274213",1
"ENSG00000274197","ENSG00000274197",1
"ENSG00000274156","ENSG00000274156",1
"ENSG00000274093","ENSG00000274093",1
"ENSG00000274008","ENSG00000274008",1
"ENSG00000273837","ENSG00000273837",1
"ENSG00000273812","ENSG00000273812",1
"ENSG00000273797","ENSG00000273797",1
"ENSG00000273691","ENSG00000273691",1
"ENSG00000273612","ENSG00000273612",1
"ENSG00000273553","ENSG00000273553",1
"ENSG00000273320","ENSG00000273320",1
"ENSG00000273284","ENSG00000273284",1
"ENSG00000273259","ENSG00000273259",1
"ENSG00000273112","ENSG00000273112",1
"ENSG00000273017","ENSG00000273017",1
"ENSG00000273007","ENSG00000273007",1
"ENSG00000273004","ENSG00000273004",1
"ENSG00000272914","ENSG00000272914",1
"ENSG00000272895","ENSG00000272895",1
"ENSG00000272689","ENSG00000272689",1
"ENSG00000272379","ENSG00000272379",1
"ENSG00000272273","ENSG00000272273",1
"ENSG00000272144","ENSG00000272144",1
"ENSG00000272123","ENSG00000272123",1
"ENSG00000271998","ENSG00000271998",1
"ENSG00000271778","ENSG00000271778",1
"ENSG00000271734","ENSG00000271734",1
"ENSG00000271626","ENSG00000271626",1
"ENSG00000271553","ENSG00000271553",1
"ENSG00000271533","ENSG00000271533",1
"ENSG00000271483","ENSG00000271483",1
"ENSG00000271461","ENSG00000271461",1
"ENSG00000271428","ENSG00000271428",1
"ENSG00000271344","ENSG00000271344",1
"ENSG00000271127","ENSG00000271127",1
"ENSG00000271100","ENSG00000271100",1
"ENSG00000271064","ENSG00000271064",1
"ENSG00000271032","ENSG00000271032",1
"ENSG00000270640","ENSG00000270640",1
"ENSG00000270571","ENSG00000270571",1
"ENSG00000270531","ENSG00000270531",1
"ENSG00000270528","ENSG00000270528",1
"ENSG00000270302","ENSG00000270302",1
"ENSG00000270210","ENSG00000270210",1
"ENSG00000270120","ENSG00000270120",1
"ENSG00000270110","ENSG00000270110",1
"ENSG00000270075","ENSG00000270075",1
"ENSG00000270069","ENSG00000270069",1
"ENSG00000270039","ENSG00000270039",1
"ENSG00000270030","ENSG00000270030",1
"ENSG00000269952","ENSG00000269952",1
"ENSG00000269938","ENSG00000269938",1
"ENSG00000269903","ENSG00000269903",1
"ENSG00000269902","ENSG00000269902",1
"ENSG00000269887","ENSG00000269887",1
"ENSG00000269540","ENSG00000269540",1
"ENSG00000269526","ENSG00000269526",1
"ENSG00000269495","ENSG00000269495",1
"ENSG00000269388","ENSG00000269388",1
"ENSG00000269303","ENSG00000269303",1
"ENSG00000269220","ENSG00000269220",1
"ENSG00000268739","ENSG00000268739",1
"ENSG00000268658","ENSG00000268658",1
"ENSG00000268555","ENSG00000268555",1
"ENSG00000268500","ENSG00000268500",1
"ENSG00000268355","ENSG00000268355",1
"ENSG00000268257","ENSG00000268257",1
"ENSG00000268240","ENSG00000268240",1
"ENSG00000268170","ENSG00000268170",1
"ENSG00000267943","ENSG00000267943",1
"ENSG00000267879","ENSG00000267879",1
"ENSG00000267780","ENSG00000267780",1
"ENSG00000267777","ENSG00000267777",1
"ENSG00000267607","ENSG00000267607",1
"ENSG00000267432","ENSG00000267432",1
"ENSG00000267293","ENSG00000267293",1
"ENSG00000267109","ENSG00000267109",1
"ENSG00000267052","ENSG00000267052",1
"ENSG00000266971","ENSG00000266971",1
"ENSG00000266970","ENSG00000266970",1
"ENSG00000266877","ENSG00000266877",1
"ENSG00000266698","ENSG00000266698",1
"ENSG00000266421","ENSG00000266421",1
"ENSG00000266401","ENSG00000266401",1
"ENSG00000266389","ENSG00000266389",1
"ENSG00000266378","ENSG00000266378",1
"ENSG00000266289","ENSG00000266289",1
"ENSG00000265975","ENSG00000265975",1
"ENSG00000265733","ENSG00000265733",1
"ENSG00000265625","ENSG00000265625",1
"ENSG00000265527","ENSG00000265527",1
"ENSG00000265201","ENSG00000265201",1
"ENSG00000264678","ENSG00000264678",1
"ENSG00000264169","ENSG00000264169",1
"ENSG00000263813","ENSG00000263813",1
"ENSG00000263427","ENSG00000263427",1
"ENSG00000263177","ENSG00000263177",1
"ENSG00000262999","ENSG00000262999",1
"ENSG00000262898","ENSG00000262898",1
"ENSG00000262636","ENSG00000262636",1
"ENSG00000262516","ENSG00000262516",1
"ENSG00000262133","ENSG00000262133",1
"ENSG00000262119","ENSG00000262119",1
"ENSG00000261646","ENSG00000261646",1
"ENSG00000261596","ENSG00000261596",1
"ENSG00000261573","ENSG00000261573",1
"ENSG00000261468","ENSG00000261468",1
"ENSG00000261245","ENSG00000261245",1
"ENSG00000261229","ENSG00000261229",1
"ENSG00000261208","ENSG00000261208",1
"ENSG00000261156","ENSG00000261156",1
"ENSG00000261087","ENSG00000261087",1
"ENSG00000261055","ENSG00000261055",1
"ENSG00000261026","ENSG00000261026",1
"ENSG00000261024","ENSG00000261024",1
"ENSG00000260990","ENSG00000260990",1
"ENSG00000260971","ENSG00000260971",1
"ENSG00000260910","ENSG00000260910",1
"ENSG00000260896","ENSG00000260896",1
"ENSG00000260861","ENSG00000260861",1
"ENSG00000260660","ENSG00000260660",1
"ENSG00000260585","ENSG00000260585",1
"ENSG00000260515","ENSG00000260515",1
"ENSG00000260507","ENSG00000260507",1
"ENSG00000260466","ENSG00000260466",1
"ENSG00000260398","ENSG00000260398",1
"ENSG00000260368","ENSG00000260368",1
"ENSG00000260337","ENSG00000260337",1
"ENSG00000260314","ENSG00000260314",1
"ENSG00000260234","ENSG00000260234",1
"ENSG00000260194","ENSG00000260194",1
"ENSG00000260161","ENSG00000260161",1
"ENSG00000260135","ENSG00000260135",1
"ENSG00000260078","ENSG00000260078",1
"ENSG00000260033","ENSG00000260033",1
"ENSG00000259950","ENSG00000259950",1
"ENSG00000259912","ENSG00000259912",1
"ENSG00000259871","ENSG00000259871",1
"ENSG00000259671","ENSG00000259671",1
"ENSG00000259656","ENSG00000259656",1
"ENSG00000259651","ENSG00000259651",1
"ENSG00000259626","ENSG00000259626",1
"ENSG00000259600","ENSG00000259600",1
"ENSG00000259571","ENSG00000259571",1
"ENSG00000259561","ENSG00000259561",1
"ENSG00000259505","ENSG00000259505",1
"ENSG00000259379","ENSG00000259379",1
"ENSG00000259374","ENSG00000259374",1
"ENSG00000259309","ENSG00000259309",1
"ENSG00000259293","ENSG00000259293",1
"ENSG00000259245","ENSG00000259245",1
"ENSG00000259207","ENSG00000259207",1
"ENSG00000259205","ENSG00000259205",1
"ENSG00000259182","ENSG00000259182",1
"ENSG00000259007","ENSG00000259007",1
"ENSG00000258964","ENSG00000258964",1
"ENSG00000258928","ENSG00000258928",1
"ENSG00000258921","ENSG00000258921",1
"ENSG00000258867","ENSG00000258867",1
"ENSG00000258831","ENSG00000258831",1
"ENSG00000258826","ENSG00000258826",1
"ENSG00000258785","ENSG00000258785",1
"ENSG00000258761","ENSG00000258761",1
"ENSG00000258754","ENSG00000258754",1
"ENSG00000258702","ENSG00000258702",1
"ENSG00000258694","ENSG00000258694",1
"ENSG00000258676","ENSG00000258676",1
"ENSG00000258667","ENSG00000258667",1
"ENSG00000258647","ENSG00000258647",1
"ENSG00000258623","ENSG00000258623",1
"ENSG00000258512","ENSG00000258512",1
"ENSG00000258476","ENSG00000258476",1
"ENSG00000258407","ENSG00000258407",1
"ENSG00000258316","ENSG00000258316",1
"ENSG00000258308","ENSG00000258308",1
"ENSG00000258227","ENSG00000258227",1
"ENSG00000258082","ENSG00000258082",1
"ENSG00000258035","ENSG00000258035",1
"ENSG00000257979","ENSG00000257979",1
"ENSG00000257835","ENSG00000257835",1
"ENSG00000257802","ENSG00000257802",1
"ENSG00000257743","ENSG00000257743",1
"ENSG00000257681","ENSG00000257681",1
"ENSG00000257643","ENSG00000257643",1
"ENSG00000257496","ENSG00000257496",1
"ENSG00000257284","ENSG00000257284",1
"ENSG00000257277","ENSG00000257277",1
"ENSG00000257226","ENSG00000257226",1
"ENSG00000257138","ENSG00000257138",1
"ENSG00000257042","ENSG00000257042",1
"ENSG00000257022","ENSG00000257022",1
"ENSG00000257017","ENSG00000257017",1
"ENSG00000256947","ENSG00000256947",1
"ENSG00000256803","ENSG00000256803",1
"ENSG00000256660","ENSG00000256660",1
"ENSG00000256581","ENSG00000256581",1
"ENSG00000256557","ENSG00000256557",1
"ENSG00000256357","ENSG00000256357",1
"ENSG00000256249","ENSG00000256249",1
"ENSG00000256171","ENSG00000256171",1
"ENSG00000256079","ENSG00000256079",1
"ENSG00000255882","ENSG00000255882",1
"ENSG00000255858","ENSG00000255858",1
"ENSG00000255808","ENSG00000255808",1
"ENSG00000255807","ENSG00000255807",1
"ENSG00000255801","ENSG00000255801",1
"ENSG00000255794","ENSG00000255794",1
"ENSG00000255521","ENSG00000255521",1
"ENSG00000255484","ENSG00000255484",1
"ENSG00000255443","ENSG00000255443",1
"ENSG00000255441","ENSG00000255441",1
"ENSG00000255398","ENSG00000255398",1
"ENSG00000255393","ENSG00000255393",1
"ENSG00000255366","ENSG00000255366",1
"ENSG00000255328","ENSG00000255328",1
"ENSG00000255256","ENSG00000255256",1
"ENSG00000255221","ENSG00000255221",1
"ENSG00000255177","ENSG00000255177",1
"ENSG00000255040","ENSG00000255040",1
"ENSG00000254979","ENSG00000254979",1
"ENSG00000254946","ENSG00000254946",1
"ENSG00000254911","ENSG00000254911",1
"ENSG00000254865","ENSG00000254865",1
"ENSG00000254826","ENSG00000254826",1
"ENSG00000254814","ENSG00000254814",1
"ENSG00000254789","ENSG00000254789",1
"ENSG00000254765","ENSG00000254765",1
"ENSG00000254750","ENSG00000254750",1
"ENSG00000254695","ENSG00000254695",1
"ENSG00000254649","ENSG00000254649",1
"ENSG00000254582","ENSG00000254582",1
"ENSG00000254554","ENSG00000254554",1
"ENSG00000254527","ENSG00000254527",1
"ENSG00000254423","ENSG00000254423",1
"ENSG00000254420","ENSG00000254420",1
"ENSG00000254415","ENSG00000254415",1
"ENSG00000254362","ENSG00000254362",1
"ENSG00000254288","ENSG00000254288",1
"ENSG00000254177","ENSG00000254177",1
"ENSG00000254060","ENSG00000254060",1
"ENSG00000253872","ENSG00000253872",1
"ENSG00000253755","ENSG00000253755",1
"ENSG00000253593","ENSG00000253593",1
"ENSG00000253471","ENSG00000253471",1
"ENSG00000253358","ENSG00000253358",1
"ENSG00000253314","ENSG00000253314",1
"ENSG00000253270","ENSG00000253270",1
"ENSG00000253269","ENSG00000253269",1
"ENSG00000253214","ENSG00000253214",1
"ENSG00000253148","ENSG00000253148",1
"ENSG00000253125","ENSG00000253125",1
"ENSG00000253123","ENSG00000253123",1
"ENSG00000253115","ENSG00000253115",1
"ENSG00000253111","ENSG00000253111",1
"ENSG00000252908","ENSG00000252908",1
"ENSG00000252904","ENSG00000252904",1
"ENSG00000252892","ENSG00000252892",1
"ENSG00000252750","ENSG00000252750",1
"ENSG00000252503","ENSG00000252503",1
"ENSG00000252452","ENSG00000252452",1
"ENSG00000252172","ENSG00000252172",1
"ENSG00000251726","ENSG00000251726",1
"ENSG00000251682","ENSG00000251682",1
"ENSG00000251613","ENSG00000251613",1
"ENSG00000251456","ENSG00000251456",1
"ENSG00000251393","ENSG00000251393",1
"ENSG00000251379","ENSG00000251379",1
"ENSG00000251372","ENSG00000251372",1
"ENSG00000251299","ENSG00000251299",1
"ENSG00000251288","ENSG00000251288",1
"ENSG00000251230","ENSG00000251230",1
"ENSG00000251218","ENSG00000251218",1
"ENSG00000251215","ENSG00000251215",1
"ENSG00000251203","ENSG00000251203",1
"ENSG00000251196","ENSG00000251196",1
"ENSG00000251194","ENSG00000251194",1
"ENSG00000251139","ENSG00000251139",1
"ENSG00000251127","ENSG00000251127",1
"ENSG00000251011","ENSG00000251011",1
"ENSG00000250814","ENSG00000250814",1
"ENSG00000250771","ENSG00000250771",1
"ENSG00000250739","ENSG00000250739",1
"ENSG00000250604","ENSG00000250604",1
"ENSG00000250548","ENSG00000250548",1
"ENSG00000250501","ENSG00000250501",1
"ENSG00000250362","ENSG00000250362",1
"ENSG00000250274","ENSG00000250274",1
"ENSG00000250210","ENSG00000250210",1
"ENSG00000250174","ENSG00000250174",1
"ENSG00000250095","ENSG00000250095",1
"ENSG00000249930","ENSG00000249930",1
"ENSG00000249781","ENSG00000249781",1
"ENSG00000249662","ENSG00000249662",1
"ENSG00000249545","ENSG00000249545",1
"ENSG00000249454","ENSG00000249454",1
"ENSG00000249453","ENSG00000249453",1
"ENSG00000249381","ENSG00000249381",1
"ENSG00000249334","ENSG00000249334",1
"ENSG00000249309","ENSG00000249309",1
"ENSG00000249304","ENSG00000249304",1
"ENSG00000249175","ENSG00000249175",1
"ENSG00000249173","ENSG00000249173",1
"ENSG00000249138","ENSG00000249138",1
"ENSG00000249112","ENSG00000249112",1
"ENSG00000249084","ENSG00000249084",1
"ENSG00000249069","ENSG00000249069",1
"ENSG00000248996","ENSG00000248996",1
"ENSG00000248949","ENSG00000248949",1
"ENSG00000248873","ENSG00000248873",1
"ENSG00000248587","ENSG00000248587",1
"ENSG00000248527","ENSG00000248527",1
"ENSG00000248455","ENSG00000248455",1
"ENSG00000248397","ENSG00000248397",1
"ENSG00000248349","ENSG00000248349",1
"ENSG00000248323","ENSG00000248323",1
"ENSG00000248187","ENSG00000248187",1
"ENSG00000248079","ENSG00000248079",1
"ENSG00000244734","ENSG00000244734",1
"ENSG00000244694","ENSG00000244694",1
"ENSG00000244558","ENSG00000244558",1
"ENSG00000244482","ENSG00000244482",1
"ENSG00000244361","ENSG00000244361",1
"ENSG00000244306","ENSG00000244306",1
"ENSG00000244247","ENSG00000244247",1
"ENSG00000244081","ENSG00000244081",1
"ENSG00000243902","ENSG00000243902",1
"ENSG00000243806","ENSG00000243806",1
"ENSG00000243797","ENSG00000243797",1
"ENSG00000243319","ENSG00000243319",1
"ENSG00000243316","ENSG00000243316",1
"ENSG00000243273","ENSG00000243273",1
"ENSG00000243179","ENSG00000243179",1
"ENSG00000243089","ENSG00000243089",1
"ENSG00000243055","ENSG00000243055",1
"ENSG00000243018","ENSG00000243018",1
"ENSG00000242970","ENSG00000242970",1
"ENSG00000242882","ENSG00000242882",1
"ENSG00000242578","ENSG00000242578",1
"ENSG00000242525","ENSG00000242525",1
"ENSG00000242371","ENSG00000242371",1
"ENSG00000242324","ENSG00000242324",1
"ENSG00000242321","ENSG00000242321",1
"ENSG00000242111","ENSG00000242111",1
"ENSG00000241926","ENSG00000241926",1
"ENSG00000241886","ENSG00000241886",1
"ENSG00000241846","ENSG00000241846",1
"ENSG00000241721","ENSG00000241721",1
"ENSG00000241684","ENSG00000241684",1
"ENSG00000241599","ENSG00000241599",1
"ENSG00000241319","ENSG00000241319",1
"ENSG00000241307","ENSG00000241307",1
"ENSG00000241211","ENSG00000241211",1
"ENSG00000241157","ENSG00000241157",1
"ENSG00000241135","ENSG00000241135",1
"ENSG00000240925","ENSG00000240925",1
"ENSG00000240796","ENSG00000240796",1
"ENSG00000240767","ENSG00000240767",1
"ENSG00000240666","ENSG00000240666",1
"ENSG00000240531","ENSG00000240531",1
"ENSG00000240457","ENSG00000240457",1
"ENSG00000240247","ENSG00000240247",1
"ENSG00000240097","ENSG00000240097",1
"ENSG00000240074","ENSG00000240074",1
"ENSG00000240047","ENSG00000240047",1
"ENSG00000240023","ENSG00000240023",1
"ENSG00000239998","ENSG00000239998",1
"ENSG00000239948","ENSG00000239948",1
"ENSG00000239839","ENSG00000239839",1
"ENSG00000239648","ENSG00000239648",1
"ENSG00000239627","ENSG00000239627",1
"ENSG00000239503","ENSG00000239503",1
"ENSG00000239322","ENSG00000239322",1
"ENSG00000238966","ENSG00000238966",1
"ENSG00000238300","ENSG00000238300",1
"ENSG00000238201","ENSG00000238201",1
"ENSG00000238063","ENSG00000238063",1
"ENSG00000238057","ENSG00000238057",1
"ENSG00000238012","ENSG00000238012",1
"ENSG00000238005","ENSG00000238005",1
"ENSG00000237992","ENSG00000237992",1
"ENSG00000237974","ENSG00000237974",1
"ENSG00000237927","ENSG00000237927",1
"ENSG00000237904","ENSG00000237904",1
"ENSG00000237879","ENSG00000237879",1
"ENSG00000237852","ENSG00000237852",1
"ENSG00000237848","ENSG00000237848",1
"ENSG00000237803","ENSG00000237803",1
"ENSG00000237766","ENSG00000237766",1
"ENSG00000237734","ENSG00000237734",1
"ENSG00000237593","ENSG00000237593",1
"ENSG00000237576","ENSG00000237576",1
"ENSG00000237499","ENSG00000237499",1
"ENSG00000237483","ENSG00000237483",1
"ENSG00000237478","ENSG00000237478",1
"ENSG00000237273","ENSG00000237273",1
"ENSG00000237217","ENSG00000237217",1
"ENSG00000237135","ENSG00000237135",1
"ENSG00000236911","ENSG00000236911",1
"ENSG00000236878","ENSG00000236878",1
"ENSG00000236860","ENSG00000236860",1
"ENSG00000236828","ENSG00000236828",1
"ENSG00000236776","ENSG00000236776",1
"ENSG00000236760","ENSG00000236760",1
"ENSG00000236525","ENSG00000236525",1
"ENSG00000236213","ENSG00000236213",1
"ENSG00000236194","ENSG00000236194",1
"ENSG00000235932","ENSG00000235932",1
"ENSG00000235903","ENSG00000235903",1
"ENSG00000235888","ENSG00000235888",1
"ENSG00000235820","ENSG00000235820",1
"ENSG00000235779","ENSG00000235779",1
"ENSG00000235777","ENSG00000235777",1
"ENSG00000235721","ENSG00000235721",1
"ENSG00000235579","ENSG00000235579",1
"ENSG00000235568","ENSG00000235568",1
"ENSG00000235427","ENSG00000235427",1
"ENSG00000235385","ENSG00000235385",1
"ENSG00000235248","ENSG00000235248",1
"ENSG00000235172","ENSG00000235172",1
"ENSG00000235066","ENSG00000235066",1
"ENSG00000235056","ENSG00000235056",1
"ENSG00000235033","ENSG00000235033",1
"ENSG00000234881","ENSG00000234881",1
"ENSG00000234756","ENSG00000234756",1
"ENSG00000234736","ENSG00000234736",1
"ENSG00000234511","ENSG00000234511",1
"ENSG00000234506","ENSG00000234506",1
"ENSG00000234484","ENSG00000234484",1
"ENSG00000234445","ENSG00000234445",1
"ENSG00000234436","ENSG00000234436",1
"ENSG00000234423","ENSG00000234423",1
"ENSG00000234418","ENSG00000234418",1
"ENSG00000234389","ENSG00000234389",1
"ENSG00000234361","ENSG00000234361",1
"ENSG00000234292","ENSG00000234292",1
"ENSG00000234238","ENSG00000234238",1
"ENSG00000234199","ENSG00000234199",1
"ENSG00000234191","ENSG00000234191",1
"ENSG00000234065","ENSG00000234065",1
"ENSG00000233963","ENSG00000233963",1
"ENSG00000233896","ENSG00000233896",1
"ENSG00000233877","ENSG00000233877",1
"ENSG00000233791","ENSG00000233791",1
"ENSG00000233583","ENSG00000233583",1
"ENSG00000233578","ENSG00000233578",1
"ENSG00000233461","ENSG00000233461",1
"ENSG00000233431","ENSG00000233431",1
"ENSG00000233338","ENSG00000233338",1
"ENSG00000233321","ENSG00000233321",1
"ENSG00000233200","ENSG00000233200",1
"ENSG00000233154","ENSG00000233154",1
"ENSG00000233129","ENSG00000233129",1
"ENSG00000232775","ENSG00000232775",1
"ENSG00000232774","ENSG00000232774",1
"ENSG00000232680","ENSG00000232680",1
"ENSG00000232661","ENSG00000232661",1
"ENSG00000232650","ENSG00000232650",1
"ENSG00000232528","ENSG00000232528",1
"ENSG00000232517","ENSG00000232517",1
"ENSG00000232486","ENSG00000232486",1
"ENSG00000232474","ENSG00000232474",1
"ENSG00000232454","ENSG00000232454",1
"ENSG00000232407","ENSG00000232407",1
"ENSG00000232398","ENSG00000232398",1
"ENSG00000232373","ENSG00000232373",1
"ENSG00000232360","ENSG00000232360",1
"ENSG00000232309","ENSG00000232309",1
"ENSG00000232254","ENSG00000232254",1
"ENSG00000232096","ENSG00000232096",1
"ENSG00000232022","ENSG00000232022",1
"ENSG00000231966","ENSG00000231966",1
"ENSG00000231964","ENSG00000231964",1
"ENSG00000231894","ENSG00000231894",1
"ENSG00000231758","ENSG00000231758",1
"ENSG00000231740","ENSG00000231740",1
"ENSG00000231701","ENSG00000231701",1
"ENSG00000231615","ENSG00000231615",1
"ENSG00000231507","ENSG00000231507",1
"ENSG00000231384","ENSG00000231384",1
"ENSG00000231298","ENSG00000231298",1
"ENSG00000231233","ENSG00000231233",1
"ENSG00000231183","ENSG00000231183",1
"ENSG00000231123","ENSG00000231123",1
"ENSG00000231047","ENSG00000231047",1
"ENSG00000230902","ENSG00000230902",1
"ENSG00000230848","ENSG00000230848",1
"ENSG00000230772","ENSG00000230772",1
"ENSG00000230718","ENSG00000230718",1
"ENSG00000230650","ENSG00000230650",1
"ENSG00000230647","ENSG00000230647",1
"ENSG00000230623","ENSG00000230623",1
"ENSG00000230604","ENSG00000230604",1
"ENSG00000230492","ENSG00000230492",1
"ENSG00000230399","ENSG00000230399",1
"ENSG00000230001","ENSG00000230001",1
"ENSG00000229975","ENSG00000229975",1
"ENSG00000229894","ENSG00000229894",1
"ENSG00000229892","ENSG00000229892",1
"ENSG00000229842","ENSG00000229842",1
"ENSG00000229719","ENSG00000229719",1
"ENSG00000229707","ENSG00000229707",1
"ENSG00000229672","ENSG00000229672",1
"ENSG00000229644","ENSG00000229644",1
"ENSG00000229586","ENSG00000229586",1
"ENSG00000229331","ENSG00000229331",1
"ENSG00000229314","ENSG00000229314",1
"ENSG00000229042","ENSG00000229042",1
"ENSG00000228923","ENSG00000228923",1
"ENSG00000228918","ENSG00000228918",1
"ENSG00000228863","ENSG00000228863",1
"ENSG00000228705","ENSG00000228705",1
"ENSG00000228655","ENSG00000228655",1
"ENSG00000228613","ENSG00000228613",1
"ENSG00000228541","ENSG00000228541",1
"ENSG00000228536","ENSG00000228536",1
"ENSG00000228485","ENSG00000228485",1
"ENSG00000228314","ENSG00000228314",1
"ENSG00000228294","ENSG00000228294",1
"ENSG00000228278","ENSG00000228278",1
"ENSG00000228261","ENSG00000228261",1
"ENSG00000228253","ENSG00000228253",1
"ENSG00000228079","ENSG00000228079",1
"ENSG00000228038","ENSG00000228038",1
"ENSG00000228022","ENSG00000228022",1
"ENSG00000227938","ENSG00000227938",1
"ENSG00000227788","ENSG00000227788",1
"ENSG00000227757","ENSG00000227757",1
"ENSG00000227666","ENSG00000227666",1
"ENSG00000227658","ENSG00000227658",1
"ENSG00000227591","ENSG00000227591",1
"ENSG00000227502","ENSG00000227502",1
"ENSG00000227392","ENSG00000227392",1
"ENSG00000227383","ENSG00000227383",1
"ENSG00000227032","ENSG00000227032",1
"ENSG00000226962","ENSG00000226962",1
"ENSG00000226925","ENSG00000226925",1
"ENSG00000226904","ENSG00000226904",1
"ENSG00000226705","ENSG00000226705",1
"ENSG00000226544","ENSG00000226544",1
"ENSG00000226239","ENSG00000226239",1
"ENSG00000226237","ENSG00000226237",1
"ENSG00000226032","ENSG00000226032",1
"ENSG00000226012","ENSG00000226012",1
"ENSG00000226008","ENSG00000226008",1
"ENSG00000225884","ENSG00000225884",1
"ENSG00000225883","ENSG00000225883",1
"ENSG00000225792","ENSG00000225792",1
"ENSG00000225690","ENSG00000225690",1
"ENSG00000225552","ENSG00000225552",1
"ENSG00000225476","ENSG00000225476",1
"ENSG00000225460","ENSG00000225460",1
"ENSG00000225422","ENSG00000225422",1
"ENSG00000225402","ENSG00000225402",1
"ENSG00000225269","ENSG00000225269",1
"ENSG00000225243","ENSG00000225243",1
"ENSG00000225231","ENSG00000225231",1
"ENSG00000225210","ENSG00000225210",1
"ENSG00000225111","ENSG00000225111",1
"ENSG00000225101","ENSG00000225101",1
"ENSG00000224895","ENSG00000224895",1
"ENSG00000224852","ENSG00000224852",1
"ENSG00000224821","ENSG00000224821",1
"ENSG00000224810","ENSG00000224810",1
"ENSG00000224707","ENSG00000224707",1
"ENSG00000224649","ENSG00000224649",1
"ENSG00000224599","ENSG00000224599",1
"ENSG00000224467","ENSG00000224467",1
"ENSG00000224414","ENSG00000224414",1
"ENSG00000224397","ENSG00000224397",1
"ENSG00000224361","ENSG00000224361",1
"ENSG00000224354","ENSG00000224354",1
"ENSG00000224117","ENSG00000224117",1
"ENSG00000224116","ENSG00000224116",1
"ENSG00000224067","ENSG00000224067",1
"ENSG00000224064","ENSG00000224064",1
"ENSG00000223914","ENSG00000223914",1
"ENSG00000223867","ENSG00000223867",1
"ENSG00000223863","ENSG00000223863",1
"ENSG00000223842","ENSG00000223842",1
"ENSG00000223750","ENSG00000223750",1
"ENSG00000223662","ENSG00000223662",1
"ENSG00000223584","ENSG00000223584",1
"ENSG00000223497","ENSG00000223497",1
"ENSG00000223476","ENSG00000223476",1
"ENSG00000223418","ENSG00000223418",1
"ENSG00000223392","ENSG00000223392",1
"ENSG00000223117","ENSG00000223117",1
"ENSG00000222915","ENSG00000222915",1
"ENSG00000222623","ENSG00000222623",1
"ENSG00000222501","ENSG00000222501",1
"ENSG00000222047","ENSG00000222047",1
"ENSG00000222009","ENSG00000222009",1
"ENSG00000222004","ENSG00000222004",1
"ENSG00000221937","ENSG00000221937",1
"ENSG00000221439","ENSG00000221439",1
"ENSG00000220744","ENSG00000220744",1
"ENSG00000220614","ENSG00000220614",1
"ENSG00000220563","ENSG00000220563",1
"ENSG00000219608","ENSG00000219608",1
"ENSG00000218991","ENSG00000218991",1
"ENSG00000218809","ENSG00000218809",1
"ENSG00000218521","ENSG00000218521",1
"ENSG00000218313","ENSG00000218313",1
"ENSG00000218027","ENSG00000218027",1
"ENSG00000217874","ENSG00000217874",1
"ENSG00000217275","ENSG00000217275",1
"ENSG00000217159","ENSG00000217159",1
"ENSG00000215895","ENSG00000215895",1
"ENSG00000215559","ENSG00000215559",1
"ENSG00000215533","ENSG00000215533",1
"ENSG00000215399","ENSG00000215399",1
"ENSG00000215397","ENSG00000215397",1
"ENSG00000215244","ENSG00000215244",1
"ENSG00000215218","ENSG00000215218",1
"ENSG00000215022","ENSG00000215022",1
"ENSG00000214894","ENSG00000214894",1
"ENSG00000214842","ENSG00000214842",1
"ENSG00000214812","ENSG00000214812",1
"ENSG00000214788","ENSG00000214788",1
"ENSG00000214407","ENSG00000214407",1
"ENSG00000214216","ENSG00000214216",1
"ENSG00000213901","ENSG00000213901",1
"ENSG00000213612","ENSG00000213612",1
"ENSG00000213412","ENSG00000213412",1
"ENSG00000212907","ENSG00000212907",1
"ENSG00000212901","ENSG00000212901",1
"ENSG00000212900","ENSG00000212900",1
"ENSG00000212743","ENSG00000212743",1
"ENSG00000212579","ENSG00000212579",1
"ENSG00000212567","ENSG00000212567",1
"ENSG00000212392","ENSG00000212392",1
"ENSG00000212205","ENSG00000212205",1
"ENSG00000210151","ENSG00000210151",1
"ENSG00000210112","ENSG00000210112",1
"ENSG00000209082","ENSG00000209082",1
"ENSG00000208028","ENSG00000208028",1
"ENSG00000208025","ENSG00000208025",1
"ENSG00000207728","ENSG00000207728",1
"ENSG00000207298","ENSG00000207298",1
"ENSG00000207248","ENSG00000207248",1
"ENSG00000207171","ENSG00000207171",1
"ENSG00000207117","ENSG00000207117",1
"ENSG00000207091","ENSG00000207091",1
"ENSG00000206910","ENSG00000206910",1
"ENSG00000206195","ENSG00000206195",1
"ENSG00000206172","ENSG00000206172",1
"ENSG00000206047","ENSG00000206047",1
"ENSG00000205301","ENSG00000205301",1
"ENSG00000204936","ENSG00000204936",1
"ENSG00000204889","ENSG00000204889",1
"ENSG00000204767","ENSG00000204767",1
"ENSG00000204577","ENSG00000204577",1
"ENSG00000204397","ENSG00000204397",1
"ENSG00000204161","ENSG00000204161",1
"ENSG00000204044","ENSG00000204044",1
"ENSG00000204020","ENSG00000204020",1
"ENSG00000203999","ENSG00000203999",1
"ENSG00000203855","ENSG00000203855",1
"ENSG00000203801","ENSG00000203801",1
"ENSG00000203747","ENSG00000203747",1
"ENSG00000203733","ENSG00000203733",1
"ENSG00000203721","ENSG00000203721",1
"ENSG00000203710","ENSG00000203710",1
"ENSG00000203688","ENSG00000203688",1
"ENSG00000203635","ENSG00000203635",1
"ENSG00000203446","ENSG00000203446",1
"ENSG00000203395","ENSG00000203395",1
"ENSG00000202514","ENSG00000202514",1
"ENSG00000202428","ENSG00000202428",1
"ENSG00000202172","ENSG00000202172",1
"ENSG00000202016","ENSG00000202016",1
"ENSG00000201581","ENSG00000201581",1
"ENSG00000201390","ENSG00000201390",1
"ENSG00000201343","ENSG00000201343",1
"ENSG00000201155","ENSG00000201155",1
"ENSG00000201028","ENSG00000201028",1
"ENSG00000200917","ENSG00000200917",1
"ENSG00000200882","ENSG00000200882",1
"ENSG00000200665","ENSG00000200665",1
"ENSG00000200597","ENSG00000200597",1
"ENSG00000200385","ENSG00000200385",1
"ENSG00000200366","ENSG00000200366",1
"ENSG00000199332","ENSG00000199332",1
"ENSG00000198899","ENSG00000198899",1
"ENSG00000198886","ENSG00000198886",1
"ENSG00000198857","ENSG00000198857",1
"ENSG00000198829","ENSG00000198829",1
"ENSG00000198814","ENSG00000198814",1
"ENSG00000198414","ENSG00000198414",1
"ENSG00000198216","ENSG00000198216",1
"ENSG00000198053","ENSG00000198053",1
"ENSG00000197992","ENSG00000197992",1
"ENSG00000197934","ENSG00000197934",1
"ENSG00000197860","ENSG00000197860",1
"ENSG00000197272","ENSG00000197272",1
"ENSG00000197249","ENSG00000197249",1
"ENSG00000197177","ENSG00000197177",1
"ENSG00000196924","ENSG00000196924",1
"ENSG00000196917","ENSG00000196917",1
"ENSG00000196859","ENSG00000196859",1
"ENSG00000196778","ENSG00000196778",1
"ENSG00000196739","ENSG00000196739",1
"ENSG00000196611","ENSG00000196611",1
"ENSG00000196549","ENSG00000196549",1
"ENSG00000196358","ENSG00000196358",1
"ENSG00000196209","ENSG00000196209",1
"ENSG00000196136","ENSG00000196136",1
"ENSG00000196083","ENSG00000196083",1
"ENSG00000189196","ENSG00000189196",1
"ENSG00000189127","ENSG00000189127",1
"ENSG00000188906","ENSG00000188906",1
"ENSG00000188897","ENSG00000188897",1
"ENSG00000188536","ENSG00000188536",1
"ENSG00000188404","ENSG00000188404",1
"ENSG00000188056","ENSG00000188056",1
"ENSG00000187950","ENSG00000187950",1
"ENSG00000187775","ENSG00000187775",1
"ENSG00000187581","ENSG00000187581",1
"ENSG00000187475","ENSG00000187475",1
"ENSG00000187116","ENSG00000187116",1
"ENSG00000186910","ENSG00000186910",1
"ENSG00000186642","ENSG00000186642",1
"ENSG00000186583","ENSG00000186583",1
"ENSG00000186474","ENSG00000186474",1
"ENSG00000186469","ENSG00000186469",1
"ENSG00000186407","ENSG00000186407",1
"ENSG00000186105","ENSG00000186105",1
"ENSG00000185947","ENSG00000185947",1
"ENSG00000185897","ENSG00000185897",1
"ENSG00000185873","ENSG00000185873",1
"ENSG00000185862","ENSG00000185862",1
"ENSG00000185652","ENSG00000185652",1
"ENSG00000185201","ENSG00000185201",1
"ENSG00000185070","ENSG00000185070",1
"ENSG00000185056","ENSG00000185056",1
"ENSG00000185031","ENSG00000185031",1
"ENSG00000184995","ENSG00000184995",1
"ENSG00000184838","ENSG00000184838",1
"ENSG00000184611","ENSG00000184611",1
"ENSG00000184588","ENSG00000184588",1
"ENSG00000184557","ENSG00000184557",1
"ENSG00000184497","ENSG00000184497",1
"ENSG00000184371","ENSG00000184371",1
"ENSG00000184106","ENSG00000184106",1
"ENSG00000184014","ENSG00000184014",1
"ENSG00000184005","ENSG00000184005",1
"ENSG00000183822","ENSG00000183822",1
"ENSG00000183696","ENSG00000183696",1
"ENSG00000183625","ENSG00000183625",1
"ENSG00000183621","ENSG00000183621",1
"ENSG00000183570","ENSG00000183570",1
"ENSG00000183019","ENSG00000183019",1
"ENSG00000182885","ENSG00000182885",1
"ENSG00000182782","ENSG00000182782",1
"ENSG00000182722","ENSG00000182722",1
"ENSG00000182487","ENSG00000182487",1
"ENSG00000182022","ENSG00000182022",1
"ENSG00000181790","ENSG00000181790",1
"ENSG00000181634","ENSG00000181634",1
"ENSG00000181631","ENSG00000181631",1
"ENSG00000181458","ENSG00000181458",1
"ENSG00000181381","ENSG00000181381",1
"ENSG00000181016","ENSG00000181016",1
"ENSG00000180953","ENSG00000180953",1
"ENSG00000180871","ENSG00000180871",1
"ENSG00000180549","ENSG00000180549",1
"ENSG00000180332","ENSG00000180332",1
"ENSG00000180318","ENSG00000180318",1
"ENSG00000180316","ENSG00000180316",1
"ENSG00000180190","ENSG00000180190",1
"ENSG00000180138","ENSG00000180138",1
"ENSG00000179593","ENSG00000179593",1
"ENSG00000179477","ENSG00000179477",1
"ENSG00000179428","ENSG00000179428",1
"ENSG00000179388","ENSG00000179388",1
"ENSG00000179241","ENSG00000179241",1
"ENSG00000179055","ENSG00000179055",1
"ENSG00000178803","ENSG00000178803",1
"ENSG00000178789","ENSG00000178789",1
"ENSG00000178726","ENSG00000178726",1
"ENSG00000178342","ENSG00000178342",1
"ENSG00000177575","ENSG00000177575",1
"ENSG00000177535","ENSG00000177535",1
"ENSG00000177112","ENSG00000177112",1
"ENSG00000176716","ENSG00000176716",1
"ENSG00000176510","ENSG00000176510",1
"ENSG00000176463","ENSG00000176463",1
"ENSG00000175967","ENSG00000175967",1
"ENSG00000175857","ENSG00000175857",1
"ENSG00000175489","ENSG00000175489",1
"ENSG00000175471","ENSG00000175471",1
"ENSG00000175121","ENSG00000175121",1
"ENSG00000174885","ENSG00000174885",1
"ENSG00000174837","ENSG00000174837",1
"ENSG00000174697","ENSG00000174697",1
"ENSG00000174611","ENSG00000174611",1
"ENSG00000174226","ENSG00000174226",1
"ENSG00000173597","ENSG00000173597",1
"ENSG00000173559","ENSG00000173559",1
"ENSG00000173535","ENSG00000173535",1
"ENSG00000173391","ENSG00000173391",1
"ENSG00000173334","ENSG00000173334",1
"ENSG00000173281","ENSG00000173281",1
"ENSG00000173262","ENSG00000173262",1
"ENSG00000173110","ENSG00000173110",1
"ENSG00000172967","ENSG00000172967",1
"ENSG00000172940","ENSG00000172940",1
"ENSG00000171860","ENSG00000171860",1
"ENSG00000171777","ENSG00000171777",1
"ENSG00000171431","ENSG00000171431",1
"ENSG00000171051","ENSG00000171051",1
"ENSG00000171049","ENSG00000171049",1
"ENSG00000171033","ENSG00000171033",1
"ENSG00000170989","ENSG00000170989",1
"ENSG00000170956","ENSG00000170956",1
"ENSG00000170909","ENSG00000170909",1
"ENSG00000170837","ENSG00000170837",1
"ENSG00000170801","ENSG00000170801",1
"ENSG00000170681","ENSG00000170681",1
"ENSG00000170542","ENSG00000170542",1
"ENSG00000170525","ENSG00000170525",1
"ENSG00000170458","ENSG00000170458",1
"ENSG00000170439","ENSG00000170439",1
"ENSG00000170345","ENSG00000170345",1
"ENSG00000169896","ENSG00000169896",1
"ENSG00000169826","ENSG00000169826",1
"ENSG00000169554","ENSG00000169554",1
"ENSG00000169429","ENSG00000169429",1
"ENSG00000169347","ENSG00000169347",1
"ENSG00000169302","ENSG00000169302",1
"ENSG00000168685","ENSG00000168685",1
"ENSG00000168621","ENSG00000168621",1
"ENSG00000167994","ENSG00000167994",1
"ENSG00000167851","ENSG00000167851",1
"ENSG00000167759","ENSG00000167759",1
"ENSG00000167434","ENSG00000167434",1
"ENSG00000167244","ENSG00000167244",1
"ENSG00000166897","ENSG00000166897",1
"ENSG00000166770","ENSG00000166770",1
"ENSG00000166741","ENSG00000166741",1
"ENSG00000166527","ENSG00000166527",1
"ENSG00000166523","ENSG00000166523",1
"ENSG00000166501","ENSG00000166501",1
"ENSG00000166265","ENSG00000166265",1
"ENSG00000166128","ENSG00000166128",1
"ENSG00000166035","ENSG00000166035",1
"ENSG00000165799","ENSG00000165799",1
"ENSG00000165685","ENSG00000165685",1
"ENSG00000165300","ENSG00000165300",1
"ENSG00000165181","ENSG00000165181",1
"ENSG00000165178","ENSG00000165178",1
"ENSG00000165076","ENSG00000165076",1
"ENSG00000165071","ENSG00000165071",1
"ENSG00000165030","ENSG00000165030",1
"ENSG00000164935","ENSG00000164935",1
"ENSG00000164691","ENSG00000164691",1
"ENSG00000164591","ENSG00000164591",1
"ENSG00000164266","ENSG00000164266",1
"ENSG00000164236","ENSG00000164236",1
"ENSG00000164047","ENSG00000164047",1
"ENSG00000163823","ENSG00000163823",1
"ENSG00000163735","ENSG00000163735",1
"ENSG00000163734","ENSG00000163734",1
"ENSG00000163710","ENSG00000163710",1
"ENSG00000163661","ENSG00000163661",1
"ENSG00000163660","ENSG00000163660",1
"ENSG00000163646","ENSG00000163646",1
"ENSG00000163563","ENSG00000163563",1
"ENSG00000163464","ENSG00000163464",1
"ENSG00000163421","ENSG00000163421",1
"ENSG00000163297","ENSG00000163297",1
"ENSG00000163221","ENSG00000163221",1
"ENSG00000163220","ENSG00000163220",1
"ENSG00000163171","ENSG00000163171",1
"ENSG00000163145","ENSG00000163145",1
"ENSG00000162747","ENSG00000162747",1
"ENSG00000162711","ENSG00000162711",1
"ENSG00000162433","ENSG00000162433",1
"ENSG00000162407","ENSG00000162407",1
"ENSG00000161912","ENSG00000161912",1
"ENSG00000161638","ENSG00000161638",1
"ENSG00000160999","ENSG00000160999",1
"ENSG00000160883","ENSG00000160883",1
"ENSG00000159339","ENSG00000159339",1
"ENSG00000158874","ENSG00000158874",1
"ENSG00000158869","ENSG00000158869",1
"ENSG00000158825","ENSG00000158825",1
"ENSG00000158578","ENSG00000158578",1
"ENSG00000158517","ENSG00000158517",1
"ENSG00000157551","ENSG00000157551",1
"ENSG00000156414","ENSG00000156414",1
"ENSG00000155926","ENSG00000155926",1
"ENSG00000155659","ENSG00000155659",1
"ENSG00000155629","ENSG00000155629",1
"ENSG00000155307","ENSG00000155307",1
"ENSG00000154928","ENSG00000154928",1
"ENSG00000154548","ENSG00000154548",1
"ENSG00000154175","ENSG00000154175",1
"ENSG00000153395","ENSG00000153395",1
"ENSG00000153162","ENSG00000153162",1
"ENSG00000151948","ENSG00000151948",1
"ENSG00000151726","ENSG00000151726",1
"ENSG00000151651","ENSG00000151651",1
"ENSG00000150681","ENSG00000150681",1
"ENSG00000149968","ENSG00000149968",1
"ENSG00000149927","ENSG00000149927",1
"ENSG00000148926","ENSG00000148926",1
"ENSG00000148841","ENSG00000148841",1
"ENSG00000148516","ENSG00000148516",1
"ENSG00000147896","ENSG00000147896",1
"ENSG00000147872","ENSG00000147872",1
"ENSG00000147454","ENSG00000147454",1
"ENSG00000147416","ENSG00000147416",1
"ENSG00000147408","ENSG00000147408",1
"ENSG00000147168","ENSG00000147168",1
"ENSG00000146592","ENSG00000146592",1
"ENSG00000146477","ENSG00000146477",1
"ENSG00000146122","ENSG00000146122",1
"ENSG00000146094","ENSG00000146094",1
"ENSG00000145979","ENSG00000145979",1
"ENSG00000145879","ENSG00000145879",1
"ENSG00000145428","ENSG00000145428",1
"ENSG00000145423","ENSG00000145423",1
"ENSG00000144802","ENSG00000144802",1
"ENSG00000144671","ENSG00000144671",1
"ENSG00000144644","ENSG00000144644",1
"ENSG00000144339","ENSG00000144339",1
"ENSG00000143556","ENSG00000143556",1
"ENSG00000143546","ENSG00000143546",1
"ENSG00000143520","ENSG00000143520",1
"ENSG00000143257","ENSG00000143257",1
"ENSG00000143226","ENSG00000143226",1
"ENSG00000143119","ENSG00000143119",1
"ENSG00000143110","ENSG00000143110",1
"ENSG00000142405","ENSG00000142405",1
"ENSG00000142319","ENSG00000142319",1
"ENSG00000142185","ENSG00000142185",1
"ENSG00000141506","ENSG00000141506",1
"ENSG00000140932","ENSG00000140932",1
"ENSG00000140678","ENSG00000140678",1
"ENSG00000140519","ENSG00000140519",1
"ENSG00000140379","ENSG00000140379",1
"ENSG00000140030","ENSG00000140030",1
"ENSG00000139910","ENSG00000139910",1
"ENSG00000139572","ENSG00000139572",1
"ENSG00000139269","ENSG00000139269",1
"ENSG00000138722","ENSG00000138722",1
"ENSG00000137757","ENSG00000137757",1
"ENSG00000137575","ENSG00000137575",1
"ENSG00000137462","ENSG00000137462",1
"ENSG00000137331","ENSG00000137331",1
"ENSG00000136869","ENSG00000136869",1
"ENSG00000136695","ENSG00000136695",1
"ENSG00000136689","ENSG00000136689",1
"ENSG00000136688","ENSG00000136688",1
"ENSG00000136630","ENSG00000136630",1
"ENSG00000136560","ENSG00000136560",1
"ENSG00000136244","ENSG00000136244",1
"ENSG00000136167","ENSG00000136167",1
"ENSG00000136040","ENSG00000136040",1
"ENSG00000135960","ENSG00000135960",1
"ENSG00000135636","ENSG00000135636",1
"ENSG00000135604","ENSG00000135604",1
"ENSG00000135424","ENSG00000135424",1
"ENSG00000134986","ENSG00000134986",1
"ENSG00000134812","ENSG00000134812",1
"ENSG00000134802","ENSG00000134802",1
"ENSG00000134762","ENSG00000134762",1
"ENSG00000134757","ENSG00000134757",1
"ENSG00000134755","ENSG00000134755",1
"ENSG00000134489","ENSG00000134489",1
"ENSG00000134070","ENSG00000134070",1
"ENSG00000133800","ENSG00000133800",1
"ENSG00000133048","ENSG00000133048",1
"ENSG00000132965","ENSG00000132965",1
"ENSG00000132334","ENSG00000132334",1
"ENSG00000131669","ENSG00000131669",1
"ENSG00000131080","ENSG00000131080",1
"ENSG00000131042","ENSG00000131042",1
"ENSG00000130830","ENSG00000130830",1
"ENSG00000130755","ENSG00000130755",1
"ENSG00000130508","ENSG00000130508",1
"ENSG00000130385","ENSG00000130385",1
"ENSG00000129455","ENSG00000129455",1
"ENSG00000129450","ENSG00000129450",1
"ENSG00000128918","ENSG00000128918",1
"ENSG00000128512","ENSG00000128512",1
"ENSG00000128383","ENSG00000128383",1
"ENSG00000128340","ENSG00000128340",1
"ENSG00000128271","ENSG00000128271",1
"ENSG00000128016","ENSG00000128016",1
"ENSG00000127507","ENSG00000127507",1
"ENSG00000126860","ENSG00000126860",1
"ENSG00000126549","ENSG00000126549",1
"ENSG00000126262","ENSG00000126262",1
"ENSG00000126251","ENSG00000126251",1
"ENSG00000126231","ENSG00000126231",1
"ENSG00000125900","ENSG00000125900",1
"ENSG00000125845","ENSG00000125845",1
"ENSG00000125810","ENSG00000125810",1
"ENSG00000125735","ENSG00000125735",1
"ENSG00000125538","ENSG00000125538",1
"ENSG00000125462","ENSG00000125462",1
"ENSG00000125430","ENSG00000125430",1
"ENSG00000124882","ENSG00000124882",1
"ENSG00000124772","ENSG00000124772",1
"ENSG00000124731","ENSG00000124731",1
"ENSG00000124249","ENSG00000124249",1
"ENSG00000124134","ENSG00000124134",1
"ENSG00000123689","ENSG00000123689",1
"ENSG00000123610","ENSG00000123610",1
"ENSG00000123405","ENSG00000123405",1
"ENSG00000122862","ENSG00000122862",1
"ENSG00000122861","ENSG00000122861",1
"ENSG00000122679","ENSG00000122679",1
"ENSG00000122641","ENSG00000122641",1
"ENSG00000121966","ENSG00000121966",1
"ENSG00000121853","ENSG00000121853",1
"ENSG00000121797","ENSG00000121797",1
"ENSG00000121440","ENSG00000121440",1
"ENSG00000120949","ENSG00000120949",1
"ENSG00000120738","ENSG00000120738",1
"ENSG00000119535","ENSG00000119535",1
"ENSG00000119508","ENSG00000119508",1
"ENSG00000118785","ENSG00000118785",1
"ENSG00000118503","ENSG00000118503",1
"ENSG00000118113","ENSG00000118113",1
"ENSG00000117983","ENSG00000117983",1
"ENSG00000117594","ENSG00000117594",1
"ENSG00000117507","ENSG00000117507",1
"ENSG00000117115","ENSG00000117115",1
"ENSG00000117091","ENSG00000117091",1
"ENSG00000116741","ENSG00000116741",1
"ENSG00000116701","ENSG00000116701",1
"ENSG00000116679","ENSG00000116679",1
"ENSG00000116039","ENSG00000116039",1
"ENSG00000116035","ENSG00000116035",1
"ENSG00000115956","ENSG00000115956",1
"ENSG00000115828","ENSG00000115828",1
"ENSG00000115607","ENSG00000115607",1
"ENSG00000115604","ENSG00000115604",1
"ENSG00000115602","ENSG00000115602",1
"ENSG00000115594","ENSG00000115594",1
"ENSG00000115590","ENSG00000115590",1
"ENSG00000115353","ENSG00000115353",1
"ENSG00000115271","ENSG00000115271",1
"ENSG00000115165","ENSG00000115165",1
"ENSG00000115009","ENSG00000115009",1
"ENSG00000115008","ENSG00000115008",1
"ENSG00000113916","ENSG00000113916",1
"ENSG00000113763","ENSG00000113763",1
"ENSG00000113749","ENSG00000113749",1
"ENSG00000113368","ENSG00000113368",1
"ENSG00000113361","ENSG00000113361",1
"ENSG00000113302","ENSG00000113302",1
"ENSG00000113070","ENSG00000113070",1
"ENSG00000112394","ENSG00000112394",1
"ENSG00000112299","ENSG00000112299",1
"ENSG00000112290","ENSG00000112290",1
"ENSG00000112195","ENSG00000112195",1
"ENSG00000112149","ENSG00000112149",1
"ENSG00000112137","ENSG00000112137",1
"ENSG00000112096","ENSG00000112096",1
"ENSG00000111913","ENSG00000111913",1
"ENSG00000111859","ENSG00000111859",1
"ENSG00000111052","ENSG00000111052",1
"ENSG00000110675","ENSG00000110675",1
"ENSG00000110203","ENSG00000110203",1
"ENSG00000109906","ENSG00000109906",1
"ENSG00000109674","ENSG00000109674",1
"ENSG00000109610","ENSG00000109610",1
"ENSG00000109321","ENSG00000109321",1
"ENSG00000109205","ENSG00000109205",1
"ENSG00000109193","ENSG00000109193",1
"ENSG00000109163","ENSG00000109163",1
"ENSG00000108691","ENSG00000108691",1
"ENSG00000108405","ENSG00000108405",1
"ENSG00000108179","ENSG00000108179",1
"ENSG00000108176","ENSG00000108176",1
"ENSG00000106952","ENSG00000106952",1
"ENSG00000105974","ENSG00000105974",1
"ENSG00000105967","ENSG00000105967",1
"ENSG00000105835","ENSG00000105835",1
"ENSG00000105711","ENSG00000105711",1
"ENSG00000105707","ENSG00000105707",1
"ENSG00000105696","ENSG00000105696",1
"ENSG00000105501","ENSG00000105501",1
"ENSG00000105371","ENSG00000105371",1
"ENSG00000105352","ENSG00000105352",1
"ENSG00000105246","ENSG00000105246",1
"ENSG00000105245","ENSG00000105245",1
"ENSG00000104974","ENSG00000104974",1
"ENSG00000104804","ENSG00000104804",1
"ENSG00000104419","ENSG00000104419",1
"ENSG00000104415","ENSG00000104415",1
"ENSG00000103569","ENSG00000103569",1
"ENSG00000103313","ENSG00000103313",1
"ENSG00000103257","ENSG00000103257",1
"ENSG00000102837","ENSG00000102837",1
"ENSG00000102794","ENSG00000102794",1
"ENSG00000102755","ENSG00000102755",1
"ENSG00000102466","ENSG00000102466",1
"ENSG00000102445","ENSG00000102445",1
"ENSG00000101916","ENSG00000101916",1
"ENSG00000101336","ENSG00000101336",1
"ENSG00000101331","ENSG00000101331",1
"ENSG00000101327","ENSG00000101327",1
"ENSG00000101307","ENSG00000101307",1
"ENSG00000101265","ENSG00000101265",1
"ENSG00000101188","ENSG00000101188",1
"ENSG00000100985","ENSG00000100985",1
"ENSG00000100906","ENSG00000100906",1
"ENSG00000100644","ENSG00000100644",1
"ENSG00000100368","ENSG00000100368",1
"ENSG00000100365","ENSG00000100365",1
"ENSG00000100292","ENSG00000100292",1
"ENSG00000100024","ENSG00000100024",1
"ENSG00000099985","ENSG00000099985",1
"ENSG00000099860","ENSG00000099860",1
"ENSG00000096060","ENSG00000096060",1
"ENSG00000096006","ENSG00000096006",1
"ENSG00000095587","ENSG00000095587",1
"ENSG00000094963","ENSG00000094963",1
"ENSG00000091106","ENSG00000091106",1
"ENSG00000090339","ENSG00000090339",1
"ENSG00000089351","ENSG00000089351",1
"ENSG00000087495","ENSG00000087495",1
"ENSG00000087494","ENSG00000087494",1
"ENSG00000087128","ENSG00000087128",1
"ENSG00000087116","ENSG00000087116",1
"ENSG00000086300","ENSG00000086300",1
"ENSG00000085265","ENSG00000085265",1
"ENSG00000084110","ENSG00000084110",1
"ENSG00000082074","ENSG00000082074",1
"ENSG00000081237","ENSG00000081237",1
"ENSG00000081041","ENSG00000081041",1
"ENSG00000080618","ENSG00000080618",1
"ENSG00000078401","ENSG00000078401",1
"ENSG00000078098","ENSG00000078098",1
"ENSG00000077984","ENSG00000077984",1
"ENSG00000077616","ENSG00000077616",1
"ENSG00000076641","ENSG00000076641",1
"ENSG00000075884","ENSG00000075884",1
"ENSG00000075461","ENSG00000075461",1
"ENSG00000075420","ENSG00000075420",1
"ENSG00000073756","ENSG00000073756",1
"ENSG00000073282","ENSG00000073282",1
"ENSG00000070961","ENSG00000070961",1
"ENSG00000070729","ENSG00000070729",1
"ENSG00000069431","ENSG00000069431",1
"ENSG00000068976","ENSG00000068976",1
"ENSG00000066336","ENSG00000066336",1
"ENSG00000064835","ENSG00000064835",1
"ENSG00000062282","ENSG00000062282",1
"ENSG00000059804","ENSG00000059804",1
"ENSG00000059728","ENSG00000059728",1
"ENSG00000059377","ENSG00000059377",1
"ENSG00000057704","ENSG00000057704",1
"ENSG00000057468","ENSG00000057468",1
"ENSG00000056558","ENSG00000056558",1
"ENSG00000043462","ENSG00000043462",1
"ENSG00000042832","ENSG00000042832",1
"ENSG00000033327","ENSG00000033327",1
"ENSG00000028137","ENSG00000028137",1
"ENSG00000026751","ENSG00000026751",1
"ENSG00000026508","ENSG00000026508",1
"ENSG00000019169","ENSG00000019169",1
"ENSG00000018280","ENSG00000018280",1
"ENSG00000016602","ENSG00000016602",1
"ENSG00000013297","ENSG00000013297",1
"ENSG00000012779","ENSG00000012779",1
"ENSG00000011600","ENSG00000011600",1
"ENSG00000011422","ENSG00000011422",1
"ENSG00000008516","ENSG00000008516",1
"ENSG00000008118","ENSG00000008118",1
"ENSG00000007350","ENSG00000007350",1
"ENSG00000005381","ENSG00000005381",1
"ENSG00000005020","ENSG00000005020",1
"ENSG00000002745","ENSG00000002745",1
"ENSG00000000938","ENSG00000000938",1
"ENSG00000288543","ENSG00000288543",2
"ENSG00000287973","ENSG00000287973",2
"ENSG00000287575","ENSG00000287575",2
"ENSG00000287530","ENSG00000287530",2
"ENSG00000287476","ENSG00000287476",2
"ENSG00000287260","ENSG00000287260",2
"ENSG00000286818","ENSG00000286818",2
"ENSG00000286679","ENSG00000286679",2
"ENSG00000286666","ENSG00000286666",2
"ENSG00000286517","ENSG00000286517",2
"ENSG00000286495","ENSG00000286495",2
"ENSG00000286389","ENSG00000286389",2
"ENSG00000286282","ENSG00000286282",2
"ENSG00000286234","ENSG00000286234",2
"ENSG00000286171","ENSG00000286171",2
"ENSG00000286109","ENSG00000286109",2
"ENSG00000286090","ENSG00000286090",2
"ENSG00000286052","ENSG00000286052",2
"ENSG00000285880","ENSG00000285880",2
"ENSG00000285601","ENSG00000285601",2
"ENSG00000285569","ENSG00000285569",2
"ENSG00000285287","ENSG00000285287",2
"ENSG00000284809","ENSG00000284809",2
"ENSG00000284660","ENSG00000284660",2
"ENSG00000284648","ENSG00000284648",2
"ENSG00000283755","ENSG00000283755",2
"ENSG00000281000","ENSG00000281000",2
"ENSG00000280182","ENSG00000280182",2
"ENSG00000280155","ENSG00000280155",2
"ENSG00000279908","ENSG00000279908",2
"ENSG00000278910","ENSG00000278910",2
"ENSG00000278126","ENSG00000278126",2
"ENSG00000277947","ENSG00000277947",2
"ENSG00000277797","ENSG00000277797",2
"ENSG00000277758","ENSG00000277758",2
"ENSG00000277412","ENSG00000277412",2
"ENSG00000277024","ENSG00000277024",2
"ENSG00000277014","ENSG00000277014",2
"ENSG00000276529","ENSG00000276529",2
"ENSG00000276040","ENSG00000276040",2
"ENSG00000275805","ENSG00000275805",2
"ENSG00000275628","ENSG00000275628",2
"ENSG00000275390","ENSG00000275390",2
"ENSG00000275166","ENSG00000275166",2
"ENSG00000275152","ENSG00000275152",2
"ENSG00000274956","ENSG00000274956",2
"ENSG00000274281","ENSG00000274281",2
"ENSG00000273771","ENSG00000273771",2
"ENSG00000273257","ENSG00000273257",2
"ENSG00000272923","ENSG00000272923",2
"ENSG00000272817","ENSG00000272817",2
"ENSG00000272502","ENSG00000272502",2
"ENSG00000272482","ENSG00000272482",2
"ENSG00000272068","ENSG00000272068",2
"ENSG00000271871","ENSG00000271871",2
"ENSG00000271714","ENSG00000271714",2
"ENSG00000271503","ENSG00000271503",2
"ENSG00000270761","ENSG00000270761",2
"ENSG00000270240","ENSG00000270240",2
"ENSG00000269947","ENSG00000269947",2
"ENSG00000269139","ENSG00000269139",2
"ENSG00000268842","ENSG00000268842",2
"ENSG00000268621","ENSG00000268621",2
"ENSG00000268460","ENSG00000268460",2
"ENSG00000267729","ENSG00000267729",2
"ENSG00000267623","ENSG00000267623",2
"ENSG00000267593","ENSG00000267593",2
"ENSG00000267440","ENSG00000267440",2
"ENSG00000267000","ENSG00000267000",2
"ENSG00000266821","ENSG00000266821",2
"ENSG00000266454","ENSG00000266454",2
"ENSG00000266450","ENSG00000266450",2
"ENSG00000266208","ENSG00000266208",2
"ENSG00000265369","ENSG00000265369",2
"ENSG00000265185","ENSG00000265185",2
"ENSG00000264785","ENSG00000264785",2
"ENSG00000263934","ENSG00000263934",2
"ENSG00000263846","ENSG00000263846",2
"ENSG00000263677","ENSG00000263677",2
"ENSG00000263637","ENSG00000263637",2
"ENSG00000262681","ENSG00000262681",2
"ENSG00000262585","ENSG00000262585",2
"ENSG00000262484","ENSG00000262484",2
"ENSG00000262223","ENSG00000262223",2
"ENSG00000262202","ENSG00000262202",2
"ENSG00000262188","ENSG00000262188",2
"ENSG00000262074","ENSG00000262074",2
"ENSG00000261792","ENSG00000261792",2
"ENSG00000261708","ENSG00000261708",2
"ENSG00000261593","ENSG00000261593",2
"ENSG00000261424","ENSG00000261424",2
"ENSG00000261313","ENSG00000261313",2
"ENSG00000261304","ENSG00000261304",2
"ENSG00000261290","ENSG00000261290",2
"ENSG00000261196","ENSG00000261196",2
"ENSG00000260541","ENSG00000260541",2
"ENSG00000260500","ENSG00000260500",2
"ENSG00000260386","ENSG00000260386",2
"ENSG00000260001","ENSG00000260001",2
"ENSG00000259890","ENSG00000259890",2
"ENSG00000259832","ENSG00000259832",2
"ENSG00000259754","ENSG00000259754",2
"ENSG00000259587","ENSG00000259587",2
"ENSG00000259351","ENSG00000259351",2
"ENSG00000259181","ENSG00000259181",2
"ENSG00000258987","ENSG00000258987",2
"ENSG00000258887","ENSG00000258887",2
"ENSG00000258747","ENSG00000258747",2
"ENSG00000258700","ENSG00000258700",2
"ENSG00000258670","ENSG00000258670",2
"ENSG00000258584","ENSG00000258584",2
"ENSG00000257987","ENSG00000257987",2
"ENSG00000257905","ENSG00000257905",2
"ENSG00000257527","ENSG00000257527",2
"ENSG00000257434","ENSG00000257434",2
"ENSG00000257381","ENSG00000257381",2
"ENSG00000257264","ENSG00000257264",2
"ENSG00000256980","ENSG00000256980",2
"ENSG00000256913","ENSG00000256913",2
"ENSG00000256596","ENSG00000256596",2
"ENSG00000256568","ENSG00000256568",2
"ENSG00000255931","ENSG00000255931",2
"ENSG00000255774","ENSG00000255774",2
"ENSG00000255772","ENSG00000255772",2
"ENSG00000255562","ENSG00000255562",2
"ENSG00000254278","ENSG00000254278",2
"ENSG00000254261","ENSG00000254261",2
"ENSG00000254092","ENSG00000254092",2
"ENSG00000254089","ENSG00000254089",2
"ENSG00000254008","ENSG00000254008",2
"ENSG00000253960","ENSG00000253960",2
"ENSG00000253400","ENSG00000253400",2
"ENSG00000251598","ENSG00000251598",2
"ENSG00000251538","ENSG00000251538",2
"ENSG00000251418","ENSG00000251418",2
"ENSG00000251291","ENSG00000251291",2
"ENSG00000250993","ENSG00000250993",2
"ENSG00000250888","ENSG00000250888",2
"ENSG00000250821","ENSG00000250821",2
"ENSG00000250350","ENSG00000250350",2
"ENSG00000250221","ENSG00000250221",2
"ENSG00000249882","ENSG00000249882",2
"ENSG00000249752","ENSG00000249752",2
"ENSG00000249241","ENSG00000249241",2
"ENSG00000249099","ENSG00000249099",2
"ENSG00000249026","ENSG00000249026",2
"ENSG00000248568","ENSG00000248568",2
"ENSG00000248564","ENSG00000248564",2
"ENSG00000248285","ENSG00000248285",2
"ENSG00000245017","ENSG00000245017",2
"ENSG00000244342","ENSG00000244342",2
"ENSG00000244067","ENSG00000244067",2
"ENSG00000243149","ENSG00000243149",2
"ENSG00000242841","ENSG00000242841",2
"ENSG00000241720","ENSG00000241720",2
"ENSG00000241661","ENSG00000241661",2
"ENSG00000241388","ENSG00000241388",2
"ENSG00000241220","ENSG00000241220",2
"ENSG00000240837","ENSG00000240837",2
"ENSG00000239552","ENSG00000239552",2
"ENSG00000239269","ENSG00000239269",2
"ENSG00000238145","ENSG00000238145",2
"ENSG00000237674","ENSG00000237674",2
"ENSG00000237470","ENSG00000237470",2
"ENSG00000237233","ENSG00000237233",2
"ENSG00000236980","ENSG00000236980",2
"ENSG00000236609","ENSG00000236609",2
"ENSG00000236491","ENSG00000236491",2
"ENSG00000236311","ENSG00000236311",2
"ENSG00000235718","ENSG00000235718",2
"ENSG00000235303","ENSG00000235303",2
"ENSG00000234384","ENSG00000234384",2
"ENSG00000234279","ENSG00000234279",2
"ENSG00000233670","ENSG00000233670",2
"ENSG00000233555","ENSG00000233555",2
"ENSG00000233057","ENSG00000233057",2
"ENSG00000232885","ENSG00000232885",2
"ENSG00000232790","ENSG00000232790",2
"ENSG00000231995","ENSG00000231995",2
"ENSG00000231982","ENSG00000231982",2
"ENSG00000231561","ENSG00000231561",2
"ENSG00000231226","ENSG00000231226",2
"ENSG00000230845","ENSG00000230845",2
"ENSG00000230747","ENSG00000230747",2
"ENSG00000230498","ENSG00000230498",2
"ENSG00000229912","ENSG00000229912",2
"ENSG00000229727","ENSG00000229727",2
"ENSG00000229700","ENSG00000229700",2
"ENSG00000229660","ENSG00000229660",2
"ENSG00000229401","ENSG00000229401",2
"ENSG00000229155","ENSG00000229155",2
"ENSG00000229091","ENSG00000229091",2
"ENSG00000228739","ENSG00000228739",2
"ENSG00000228573","ENSG00000228573",2
"ENSG00000228156","ENSG00000228156",2
"ENSG00000227964","ENSG00000227964",2
"ENSG00000227863","ENSG00000227863",2
"ENSG00000227685","ENSG00000227685",2
"ENSG00000226409","ENSG00000226409",2
"ENSG00000226125","ENSG00000226125",2
"ENSG00000226089","ENSG00000226089",2
"ENSG00000225929","ENSG00000225929",2
"ENSG00000225643","ENSG00000225643",2
"ENSG00000225506","ENSG00000225506",2
"ENSG00000225362","ENSG00000225362",2
"ENSG00000225329","ENSG00000225329",2
"ENSG00000225154","ENSG00000225154",2
"ENSG00000224805","ENSG00000224805",2
"ENSG00000224761","ENSG00000224761",2
"ENSG00000224717","ENSG00000224717",2
"ENSG00000224682","ENSG00000224682",2
"ENSG00000224647","ENSG00000224647",2
"ENSG00000224294","ENSG00000224294",2
"ENSG00000224177","ENSG00000224177",2
"ENSG00000224167","ENSG00000224167",2
"ENSG00000223953","ENSG00000223953",2
"ENSG00000223721","ENSG00000223721",2
"ENSG00000223714","ENSG00000223714",2
"ENSG00000223711","ENSG00000223711",2
"ENSG00000223479","ENSG00000223479",2
"ENSG00000221826","ENSG00000221826",2
"ENSG00000220377","ENSG00000220377",2
"ENSG00000219702","ENSG00000219702",2
"ENSG00000215812","ENSG00000215812",2
"ENSG00000214796","ENSG00000214796",2
"ENSG00000213908","ENSG00000213908",2
"ENSG00000213888","ENSG00000213888",2
"ENSG00000210127","ENSG00000210127",2
"ENSG00000205667","ENSG00000205667",2
"ENSG00000204616","ENSG00000204616",2
"ENSG00000204572","ENSG00000204572",2
"ENSG00000204128","ENSG00000204128",2
"ENSG00000204025","ENSG00000204025",2
"ENSG00000203392","ENSG00000203392",2
"ENSG00000198758","ENSG00000198758",2
"ENSG00000198570","ENSG00000198570",2
"ENSG00000198547","ENSG00000198547",2
"ENSG00000197838","ENSG00000197838",2
"ENSG00000197617","ENSG00000197617",2
"ENSG00000197616","ENSG00000197616",2
"ENSG00000196593","ENSG00000196593",2
"ENSG00000196335","ENSG00000196335",2
"ENSG00000188383","ENSG00000188383",2
"ENSG00000187783","ENSG00000187783",2
"ENSG00000187048","ENSG00000187048",2
"ENSG00000186795","ENSG00000186795",2
"ENSG00000186603","ENSG00000186603",2
"ENSG00000186188","ENSG00000186188",2
"ENSG00000186160","ENSG00000186160",2
"ENSG00000185028","ENSG00000185028",2
"ENSG00000184961","ENSG00000184961",2
"ENSG00000184459","ENSG00000184459",2
"ENSG00000184302","ENSG00000184302",2
"ENSG00000183549","ENSG00000183549",2
"ENSG00000183153","ENSG00000183153",2
"ENSG00000182545","ENSG00000182545",2
"ENSG00000179639","ENSG00000179639",2
"ENSG00000178473","ENSG00000178473",2
"ENSG00000178243","ENSG00000178243",2
"ENSG00000176956","ENSG00000176956",2
"ENSG00000176083","ENSG00000176083",2
"ENSG00000175985","ENSG00000175985",2
"ENSG00000175809","ENSG00000175809",2
"ENSG00000174417","ENSG00000174417",2
"ENSG00000174343","ENSG00000174343",2
"ENSG00000174015","ENSG00000174015",2
"ENSG00000173769","ENSG00000173769",2
"ENSG00000172867","ENSG00000172867",2
"ENSG00000171747","ENSG00000171747",2
"ENSG00000171596","ENSG00000171596",2
"ENSG00000170128","ENSG00000170128",2
"ENSG00000169551","ENSG00000169551",2
"ENSG00000167992","ENSG00000167992",2
"ENSG00000166866","ENSG00000166866",2
"ENSG00000166863","ENSG00000166863",2
"ENSG00000166473","ENSG00000166473",2
"ENSG00000166006","ENSG00000166006",2
"ENSG00000165949","ENSG00000165949",2
"ENSG00000165828","ENSG00000165828",2
"ENSG00000165553","ENSG00000165553",2
"ENSG00000164082","ENSG00000164082",2
"ENSG00000163440","ENSG00000163440",2
"ENSG00000163431","ENSG00000163431",2
"ENSG00000163017","ENSG00000163017",2
"ENSG00000162873","ENSG00000162873",2
"ENSG00000162365","ENSG00000162365",2
"ENSG00000159708","ENSG00000159708",2
"ENSG00000159231","ENSG00000159231",2
"ENSG00000155890","ENSG00000155890",2
"ENSG00000154198","ENSG00000154198",2
"ENSG00000153157","ENSG00000153157",2
"ENSG00000150656","ENSG00000150656",2
"ENSG00000147378","ENSG00000147378",2
"ENSG00000146910","ENSG00000146910",2
"ENSG00000144852","ENSG00000144852",2
"ENSG00000143839","ENSG00000143839",2
"ENSG00000141977","ENSG00000141977",2
"ENSG00000140279","ENSG00000140279",2
"ENSG00000140067","ENSG00000140067",2
"ENSG00000137825","ENSG00000137825",2
"ENSG00000135697","ENSG00000135697",2
"ENSG00000134201","ENSG00000134201",2
"ENSG00000132744","ENSG00000132744",2
"ENSG00000132329","ENSG00000132329",2
"ENSG00000131142","ENSG00000131142",2
"ENSG00000131050","ENSG00000131050",2
"ENSG00000126709","ENSG00000126709",2
"ENSG00000125571","ENSG00000125571",2
"ENSG00000124920","ENSG00000124920",2
"ENSG00000122756","ENSG00000122756",2
"ENSG00000122375","ENSG00000122375",2
"ENSG00000119715","ENSG00000119715",2
"ENSG00000118156","ENSG00000118156",2
"ENSG00000116031","ENSG00000116031",2
"ENSG00000114854","ENSG00000114854",2
"ENSG00000114487","ENSG00000114487",2
"ENSG00000113889","ENSG00000113889",2
"ENSG00000110887","ENSG00000110887",2
"ENSG00000108602","ENSG00000108602",2
"ENSG00000107859","ENSG00000107859",2
"ENSG00000107159","ENSG00000107159",2
"ENSG00000103375","ENSG00000103375",2
"ENSG00000100867","ENSG00000100867",2
"ENSG00000100628","ENSG00000100628",2
"ENSG00000100312","ENSG00000100312",2
"ENSG00000100095","ENSG00000100095",2
"ENSG00000099769","ENSG00000099769",2
"ENSG00000095596","ENSG00000095596",2
"ENSG00000092054","ENSG00000092054",2
"ENSG00000088340","ENSG00000088340",2
"ENSG00000079112","ENSG00000079112",2
"ENSG00000073734","ENSG00000073734",2
"ENSG00000068079","ENSG00000068079",2
"ENSG00000006611","ENSG00000006611",2
